User ID;Category 5;Category 6;Category 7;Category 8;Category 9;Category 10
User 1;0.8;2.42;3.19;2.79;1.82;2.42
User 2;1.42;3.18;3.21;2.63;1.86;2.32
User 3;0.24;1.54;3.18;2.8;1.31;2.5
User 4;0.46;1.52;3.18;2.96;1.57;2.86
User 5;1.54;2.02;3.18;2.78;1.18;2.54
User 6;0.74;1.26;3.17;2.89;1.66;3.66
User 7;0.86;1.58;3.17;2.66;1.22;3.22
User 8;0.82;1.5;3.17;2.81;1.54;2.88
User 9;0.82;2.14;3.18;2.79;1.41;2.54
User 10;1.5;1.54;3.17;2.82;2.24;3.12
User 11;1.66;2.76;3.18;2.89;1.66;2.62
User 12;0.88;2.08;3.17;2.93;1.66;3.42
User 13;0.98;1.74;3.2;2.87;1.38;2.34
User 14;1.26;1.72;3.19;2.91;2.3;2.74
User 15;1.2;2.84;3.2;2.82;2.02;2.46
User 16;1.46;2.08;3.19;2.74;1.41;2.32
User 17;0.06;1.1;3.18;2.73;1.15;2.98
User 18;1.34;1.78;3.2;3.04;1.15;2.42
User 19;0.82;3.38;3.18;2.86;1.79;2.8
User 20;1.18;1.98;3.19;2.93;1.22;2.48
User 21;1.2;2.18;3.18;2.7;1.06;2.94
User 22;1.06;2.08;3.17;2.74;1.15;3.22
User 23;1.02;1.36;3.16;2.74;1.34;3.66
User 24;1.02;1.46;3.17;2.71;1.73;3.04
User 25;1.1;2.02;3.18;2.77;1.92;2.46
User 26;0.56;1.52;3.19;2.54;1.6;2.54
User 27;1.28;2.64;3.19;2.57;1.34;2.38
User 28;0.94;1.9;3.18;2.79;1.22;2.4
User 29;0.54;0.76;3.17;2.69;1.63;2.94
User 30;1.84;3.16;3.2;2.75;1.54;2.46
User 31;0.94;2.26;3.2;2.78;1.5;2.34
User 32;0.72;2.12;3.19;2.65;1.28;2.42
User 33;2.08;2.22;3.19;2.8;1.76;2.72
User 34;0.98;2.5;3.18;2.9;1.92;2.74
User 35;0.98;1.42;3.18;2.94;2.02;3.02
User 36;0.74;1.52;3.18;3.01;1.63;2.94
User 37;0.4;1.1;3.18;2.78;1.76;2.9
User 38;0.72;1.22;3.18;2.91;1.92;3.2
User 39;0.86;1.68;3.2;2.86;1.6;2.58
User 40;0.14;1.46;3.18;2.88;1.66;2.42
User 41;1.38;1.98;3.17;2.61;1.02;3.06
User 42;0.5;0.98;3.16;2.74;1.57;3.38
User 43;1.06;1.9;3.18;2.82;1.25;2.88
User 44;0.46;2.06;3.18;2.86;2.05;2.66
User 45;0.64;2.22;3.18;3.1;1.98;2.8
User 46;0.7;1.46;3.17;2.9;1.82;3.38
User 47;1.06;1.46;3.18;3.15;2.18;3.22
User 48;0.88;1.86;3.18;2.86;1.47;2.94
User 49;0.56;1.68;3.18;2.9;1.44;2.72
User 50;1.2;2.06;3.19;2.62;1.31;2.34
User 51;1.1;1.9;3.17;2.93;1.34;3.42
User 52;0.96;1.4;3.18;2.71;1.76;2.86
User 53;2.54;2.18;3.18;2.59;1.89;3.02
User 54;0.8;1.82;3.18;2.82;1.5;2.56
User 55;0.54;1.7;3.17;2.78;1.66;3.42
User 56;0.86;1.1;3.17;2.94;1.31;3.12
User 57;1.06;2.28;3.19;2.86;1.44;2.48
User 58;0.7;1.7;3.18;2.82;1.41;2.88
User 59;1.42;2.83;3.2;2.79;1.47;2.38
User 60;1.2;2.54;3.18;2.81;1.6;2.54
User 61;1.46;3.24;3.2;2.62;1.28;2.34
User 62;0.16;0.82;3.18;3.03;1.02;2.78
User 63;0.32;1.1;3.18;2.82;2.08;2.96
User 64;0.48;1.36;3.18;3.1;1.34;3.04
User 65;1.14;1.76;3.18;2.9;1.5;3.01
User 66;0.48;1.9;3.18;2.78;1.63;2.88
User 67;0.16;1.06;3.18;2.79;1.09;3.34
User 68;0.8;1.52;3.18;2.77;1.28;2.94
User 69;1.04;1.3;3.18;2.8;1.09;2.88
User 70;0.7;1.36;3.18;2.74;1.5;2.54
User 71;0.5;1.5;3.18;2.82;1.28;2.46
User 72;0.88;1.86;3.2;2.82;1.25;2.34
User 73;1.22;1.88;3.17;2.81;1.98;2.58
User 74;0.82;1.78;3.18;2.83;1.41;3.46
User 75;0.78;2;3.19;2.86;1.63;2.42
User 76;1.36;1.96;3.19;2.69;1.38;2.32
User 77;0.7;1.3;3.18;2.81;1.86;3.36
User 78;1.04;2.22;3.19;2.79;1.63;2.46
User 79;0.54;1.06;3.17;2.78;1.25;3.06
User 80;0.78;2.42;3.17;2.7;1.12;2.98
User 81;0.54;1.7;3.17;3.07;1.54;3.42
User 82;0.66;1.82;3.18;2.83;1.86;2.54
User 83;0.32;0.86;3.17;2.62;2.05;3.04
User 84;0.66;1.98;3.18;2.88;1.12;2.66
User 85;0.88;1.96;3.18;2.96;1.86;2.58
User 86;0.8;1.66;3.17;2.87;1.5;3.34
User 87;0.42;1.54;3.18;2.69;1.41;2.56
User 88;0.5;0.9;3.17;2.79;1.18;3.12
User 89;1.02;1.76;3.18;2.71;1.22;2.42
User 90;0.74;1.64;3.18;2.86;1.57;2.64
User 91;0.88;1.36;3.18;2.81;1.79;3.26
User 92;0.54;0.9;3.17;2.91;1.54;2.64
User 93;1.44;2.28;3.19;2.74;1.63;2.42
User 94;1.42;2.83;3.2;2.79;1.47;2.38
User 95;1.82;2.6;3.19;2.67;1.5;2.46
User 96;0.56;1.92;3.18;2.98;1.22;2.94
User 97;0.94;2.14;3.19;2.79;1.79;2.82
User 98;0.8;1.9;3.18;2.91;1.41;2.54
User 99;1.02;1.78;3.19;2.86;2.14;2.78
User 100;2.16;1.96;3.17;2.86;3.04;3.1
User 101;0.78;2.1;3.18;2.9;1.79;2.82
User 102;0.64;1.12;3.18;2.94;1.76;3.06
User 103;0.96;2.94;3.19;2.82;1.41;2.42
User 104;0.5;1;3.18;2.67;1.79;2.86
User 105;0.32;1.18;3.17;2.9;1.73;3.46
User 106;0.42;1.54;3.2;2.73;1.7;2.46
User 107;1.3;2.62;3.18;2.94;2.27;2.74
User 108;0.8;1.1;3.16;2.74;1.15;3.42
User 109;1.5;1.62;3.17;2.8;0.96;3.18
User 110;1.54;2.34;3.18;2.83;2.24;2.78
User 111;0.86;1.86;3.19;2.96;2.46;2.98
User 112;0.7;1.44;3.18;2.85;1.15;2.86
User 113;1.04;1.78;3.18;2.79;1.86;2.54
User 114;1.1;1.5;3.18;3.04;1.28;2.48
User 115;0.88;1.86;3.2;2.82;1.25;2.34
User 116;0.7;2.3;3.18;3.01;1.73;2.34
User 117;0.72;2.04;3.19;2.83;1.76;2.4
User 118;1.12;1.74;3.18;2.78;1.79;2.94
User 119;1.04;1.38;3.18;2.58;1.82;2.94
User 120;0.86;1.84;3.18;2.7;0.96;3.18
User 121;1.66;2.9;3.18;2.82;1.44;2.5
User 122;1.42;2;3.18;2.82;1.6;2.64
User 123;1.42;2.22;3.19;2.58;1.31;2.38
User 124;0.88;2.62;3.18;2.86;1.54;2.38
User 125;1.1;2;3.18;2.72;1.47;2.74
User 126;0.78;1.58;3.18;2.79;1.31;2.82
User 127;0.74;1.3;3.18;2.77;1.18;2.98
User 128;0.72;2.02;3.18;2.81;1.41;2.56
User 129;1.12;1.78;3.17;2.89;1.31;3.34
User 130;0.88;1.66;3.18;2.7;1.57;2.78
User 131;0.8;1.48;3.18;2.71;0.99;2.88
User 132;1.66;2.78;3.18;2.85;1.7;2.54
User 133;1.46;1.98;3.18;2.74;1.89;2.94
User 134;1.7;2.16;3.18;3.02;1.31;2.5
User 135;0.78;1.86;3.17;2.69;2.5;3.34
User 136;1.1;2.82;3.18;2.99;2.14;2.54
User 137;0.78;1.94;3.19;3.02;1.47;2.54
User 138;1.58;1.9;3.18;2.85;1.28;2.88
User 139;0.86;1.98;3.18;2.8;1.44;3.06
User 140;0.5;1.06;3.18;3.01;1.86;3.2
User 141;1.14;1.96;3.17;2.93;1.73;3.34
User 142;0.82;1.48;3.18;2.82;1.7;2.96
User 143;1.22;1.86;3.17;2.7;1.22;3.1
User 144;0.22;1.9;3.18;2.71;2.37;2.62
User 145;1.04;1.88;3.17;3.06;2.21;3.02
User 146;0.88;2.08;3.17;2.93;1.66;3.42
User 147;1.62;2.44;3.18;2.74;1.38;2.46
User 148;1.38;2.42;3.19;3.12;1.5;2.62
User 149;1.26;2.12;3.18;2.86;1.92;2.94
User 150;1.34;2.46;3.18;2.8;1.6;2.54
User 151;1.2;2.02;3.18;2.93;1.47;3.1
User 152;0.94;2;3.18;2.74;1.5;2.98
User 153;0.62;1.22;3.18;2.85;1.44;2.66
User 154;0.5;2.02;3.18;2.66;1.34;2.78
User 155;0.34;1.94;3.18;2.73;1.66;2.62
User 156;0.94;1.66;3.18;2.8;2.08;3.42
User 157;1.34;2.02;3.18;3.06;1.57;2.86
User 158;0.5;1.04;3.17;2.77;1.98;3.44
User 159;1.66;2.18;3.19;2.83;1.41;2.34
User 160;0.24;1.16;3.18;2.63;1.28;3.36
User 161;0.78;1.5;3.18;2.77;1.44;2.9
User 162;0.34;0.98;3.17;2.58;2.21;3.36
User 163;1.04;1.78;3.18;2.79;1.86;2.54
User 164;0.54;1.58;3.18;2.82;1.76;2.98
User 165;0.82;1.5;3.18;2.78;0.93;2.88
User 166;0.3;1.68;3.18;2.91;1.44;2.74
User 167;1.1;1.5;3.19;2.86;1.47;2.38
User 168;0.82;1.86;3.18;2.9;2.18;2.54
User 169;0.9;1.66;3.2;2.85;1.5;2.34
User 170;0.58;1.46;3.18;2.97;1.73;2.86
User 171;1.42;2.4;3.18;2.97;2.18;2.8
User 172;0.7;1.06;3.18;2.98;1.22;2.48
User 173;0.4;0.98;3.18;2.73;1.22;2.78
User 174;0.74;1.24;3.17;2.94;1.6;3.28
User 175;0.72;2.02;3.18;2.86;1.57;3.26
User 176;1.06;2.1;3.18;2.86;1.15;2.62
User 177;1.1;2;3.18;3.01;1.38;3.26
User 178;0.62;1.46;3.18;2.97;1.73;2.94
User 179;0.46;2.12;3.18;2.89;1.7;2.98
User 180;0.88;1.42;3.18;2.86;1.76;2.88
User 181;0.24;0.94;3.18;3.29;2.18;2.9
User 182;1.78;2.62;3.18;2.75;1.6;2.7
User 183;0.96;1.98;3.18;2.81;1.6;2.48
User 184;0.82;1.16;3.18;2.69;1.22;3.3
User 185;1.78;2.8;3.2;2.72;2.18;2.54
User 186;0.22;2.8;3.18;2.85;1.98;2.64
User 187;1.42;2.14;3.18;2.78;1.44;2.72
User 188;0.32;1.56;3.18;3.07;1.41;3.06
User 189;0.86;2.4;3.19;2.89;1.63;2.46
User 190;0.32;1.1;3.17;2.94;1.28;3.04
User 191;0.66;1.8;3.19;2.58;1.38;2.32
User 192;1.28;1.7;3.19;2.75;1.76;2.66
User 193;0.9;1.7;3.16;2.85;1.7;3.52
User 194;1.26;1.96;3.16;2.74;2.05;3.44
User 195;1.18;1.86;3.18;2.82;1.76;2.86
User 196;0.94;1.4;3.17;2.94;1.41;2.96
User 197;0.62;1.5;3.18;2.65;1.31;3.04
User 198;1.58;2.48;3.19;2.74;1.57;2.5
User 199;0.64;1.3;3.18;3.01;1.57;3.26
User 200;0.9;1.76;3.18;2.77;1.7;2.4
User 201;1.66;3.02;3.19;2.89;1.79;2.78
User 202;0.66;2.1;3.18;2.85;1.73;2.96
User 203;0.98;1.58;3.2;2.74;1.47;2.34
User 204;0.7;1.46;3.18;2.91;1.82;2.82
User 205;0.62;1.74;3.18;2.93;1.02;2.7
User 206;0.14;0.82;3.18;2.73;1.38;2.78
User 207;0.54;2.22;3.18;2.71;1.73;2.62
User 208;0.56;1.44;3.18;2.94;1.89;2.94
User 209;0.7;1.08;3.18;2.54;1.15;2.58
User 210;1.1;1.38;3.17;2.88;1.02;3.26
User 211;1.18;1.48;3.18;2.79;1.31;3.3
User 212;0.9;2.36;3.19;2.78;1.5;2.82
User 213;0.7;2.12;3.18;2.66;1.6;2.98
User 214;0.42;1.3;3.18;2.79;1.34;2.58
User 215;0.38;0.94;3.17;2.94;1.22;3.46
User 216;1.68;2.68;3.19;2.77;1.7;2.54
User 217;0.8;1.4;3.17;2.77;1.22;3.04
User 218;0.64;1.54;3.18;2.71;1.38;2.3
User 219;1.9;2.98;3.18;2.79;1.31;2.38
User 220;1.36;2;3.18;2.87;1.38;2.86
User 221;1.38;2.54;3.18;2.87;1.6;2.88
User 222;0.26;1.22;3.18;2.73;1.12;3.22
User 223;1.12;1.54;3.19;2.8;1.63;2.4
User 224;0.54;1.56;3.17;2.86;1.6;3.04
User 225;1.3;3.06;3.19;2.79;1.57;2.42
User 226;1.18;1.46;3.17;2.73;1.47;3.34
User 227;1.3;1.42;3.18;2.75;1.18;2.46
User 228;1.26;1.7;3.18;2.82;1.25;2.82
User 229;0.78;1.7;3.18;2.91;1.28;3.3
User 230;1.34;1.96;3.19;2.94;1.15;2.38
User 231;1.1;1.42;3.18;3.14;2.11;2.8
User 232;1.92;2.18;3.2;3.04;1.12;2.42
User 233;0.74;1.16;3.18;2.7;1.02;3.02
User 234;0.46;1.62;3.18;2.7;1.28;2.74
User 235;2.38;2.12;3.18;2.97;1.34;2.14
User 236;1.18;1.86;3.18;2.82;1.76;2.86
User 237;1.6;2.14;3.18;2.81;1.15;3.14
User 238;0.98;2.14;3.18;2.99;1.44;2.96
User 239;1.18;2.24;3.18;2.78;1.12;2.7
User 240;0.1;0.14;3.18;2.95;1.15;3.6
User 241;0.98;1.58;3.2;2.74;1.47;2.34
User 242;1.76;2.38;3.19;2.81;1.6;2.32
User 243;0.32;1.02;3.19;2.72;2.69;2.58
User 244;0.46;1.14;3.18;2.75;2.5;3.12
User 245;0.32;0.88;3.17;2.89;2.4;3.02
User 246;0.82;1.6;3.18;2.88;1.63;2.88
User 247;0.3;0.86;3.18;2.93;1.66;2.8
User 248;1.12;2.94;3.2;2.63;1.63;2.46
User 249;0.98;1.34;3.17;2.94;1.15;3.14
User 250;1.18;1.86;3.18;2.82;1.76;2.86
User 251;1.58;1.82;3.18;2.81;1.22;2.66
User 252;0.78;1.58;3.18;2.94;1.6;2.94
User 253;0.48;2.08;3.19;2.56;1.15;2.4
User 254;0.5;2.28;3.19;2.66;1.66;2.4
User 255;0.16;1.62;3.18;2.59;1.89;2.78
User 256;1.36;1.92;3.17;2.67;2.43;3.28
User 257;0.86;1.54;3.17;2.98;1.41;3.36
User 258;1.38;1.98;3.18;2.74;1.57;2.4
User 259;0.24;1.12;3.18;3.06;1.41;2.72
User 260;1.68;1.78;3.18;2.54;1.31;2.42
User 261;0.88;2.14;3.19;2.85;1.79;2.62
User 262;1.18;3.12;3.19;3.1;2.05;2.72
User 263;0.82;1.86;3.18;3.02;1.73;2.78
User 264;1.42;2.06;3.19;3.13;2.46;2.78
User 265;0.8;1.66;3.17;2.94;1.28;3.5
User 266;1.18;2.24;3.19;2.77;1.66;2.46
User 267;1.44;2.36;3.2;2.82;1.86;2.38
User 268;0.8;1.94;3.19;2.82;1.95;2.72
User 269;0.64;1.7;3.18;2.64;2.18;2.78
User 270;1.5;2.5;3.18;2.86;1.47;2.46
User 271;1.38;2.2;3.17;2.93;1.25;3.26
User 272;0.46;1.46;3.18;3.04;1.41;2.78
User 273;1.82;1.9;3.19;2.66;0.96;2.46
User 274;1.34;2.46;3.2;2.97;1.34;2.56
User 275;0.74;1.9;3.18;2.78;1.38;2.72
User 276;0.8;1.52;3.16;2.74;1.38;3.52
User 277;0.8;1.86;3.18;2.82;1.5;2.42
User 278;1.54;2.38;3.18;3.04;2.18;2.82
User 279;0.4;0.82;3.18;2.63;0.9;2.78
User 280;1.5;1.94;3.18;2.83;1.47;2.66
User 281;0.94;1.8;3.18;2.74;1.06;3.1
User 282;1.14;2.04;3.18;3.22;1.47;2.82
User 283;1.02;1.58;3.19;2.8;1.6;2.66
User 284;1.26;2.48;3.18;2.83;1.28;2.64
User 285;0.62;2.08;3.17;2.78;1.66;2.96
User 286;0.34;0.82;3.18;2.86;1.73;2.88
User 287;2;2.44;3.18;2.67;1.22;2.42
User 288;0.66;1.6;3.18;2.67;3.14;2.8
User 289;1.3;1.86;3.17;2.82;0.86;3.62
User 290;0.98;2.06;3.17;2.82;1.18;3.3
User 291;1.3;2.64;3.19;2.87;1.47;2.54
User 292;0.66;1.34;3.17;2.72;1.41;3.14
User 293;1.06;1.38;3.18;2.89;1.28;2.96
User 294;0.46;1.34;3.18;3.26;1.82;2.66
User 295;0.54;0.76;3.17;2.69;1.63;2.94
User 296;0.56;1.4;3.18;2.73;1.47;2.56
User 297;1.06;1.6;3.18;2.65;1.41;2.8
User 298;0.56;1.4;3.18;2.78;1.12;2.54
User 299;0.72;1.78;3.19;2.85;1.63;2.42
User 300;0.74;2.18;3.19;2.83;1.89;2.58
User 301;0.58;1.2;3.17;2.82;1.63;3.12
User 302;0.88;1.26;3.19;2.82;1.25;2.5
User 303;0.5;1.26;3.19;2.82;1.6;2.56
User 304;0.88;1.34;3.18;2.86;1.73;2.88
User 305;0.64;2.74;3.18;2.77;1.86;2.64
User 306;0.78;1.48;3.18;2.63;1.41;2.66
User 307;1.06;2.48;3.18;2.86;1.73;2.94
User 308;1.82;2.38;3.2;3.02;2.72;2.48
User 309;0.22;1.38;3.18;3.22;1.28;2.58
User 310;0.88;2.24;3.19;2.58;1.41;2.32
User 311;0.66;1.46;3.18;2.77;2.4;2.74
User 312;0.74;1.5;3.18;2.89;1.76;3.04
User 313;1.1;1.3;3.18;2.83;1.22;2.62
User 314;1.58;2.5;3.18;2.85;1.6;2.5
User 315;1.52;2.22;3.18;2.78;1.98;2.98
User 316;0.58;1.94;3.18;2.8;2.02;2.64
User 317;1.6;2.24;3.19;2.75;1.79;2.62
User 318;1.02;1.62;3.17;2.88;1.47;2.82
User 319;0.4;1.46;3.19;2.8;1.34;2.46
User 320;0.54;1.46;3.16;2.97;1.22;3.42
User 321;0.98;1.82;3.18;3.09;1.6;2.88
User 322;0.42;1.62;3.18;2.98;2.27;3.36
User 323;0.9;2.46;3.19;2.69;1.57;2.72
User 324;0.26;0.86;3.18;2.98;1.25;2.7
User 325;0.7;1.4;3.18;2.95;1.44;2.48
User 326;1.52;2.54;3.19;2.74;1.28;2.48
User 327;1.26;2.08;3.2;2.97;2.5;2.42
User 328;1.74;3.24;3.18;2.78;1.5;2.4
User 329;0.42;2.26;3.18;2.77;1.18;2.32
User 330;1.02;2.1;3.19;3.05;1.22;2.56
User 331;1.98;1.62;3.17;2.88;3.17;3.22
User 332;1.46;1.86;3.18;2.69;0.99;2.74
User 333;0.48;1.9;3.18;2.78;1.63;2.88
User 334;0.96;2.54;3.18;2.71;1.6;2.54
User 335;0.24;0.96;3.18;2.62;1.57;2.42
User 336;1.98;1.78;3.18;2.81;1.28;2.72
User 337;1.3;1.7;3.18;2.7;1.09;2.8
User 338;0.56;0.98;3.17;2.82;1.02;3.44
User 339;1.72;2.91;3.18;2.94;1.86;2.58
User 340;0.48;1.38;3.18;2.88;1.44;2.86
User 341;1.78;2.88;3.18;2.88;1.6;2.46
User 342;1.36;2.26;3.2;2.97;2.62;2.38
User 343;1.42;1.86;3.18;2.97;1.47;3.12
User 344;0.74;2.16;3.2;2.82;1.73;2.42
User 345;1.04;2.12;3.18;2.66;0.9;3.06
User 346;0.62;0.98;3.17;2.87;1.66;3.02
User 347;1.26;1.94;3.18;2.93;2.4;2.66
User 348;0.8;1.48;3.18;2.95;1.86;2.7
User 349;1.1;1.94;3.2;2.94;1.15;2.32
User 350;1.46;2.74;3.19;2.78;1.22;2.4
User 351;0.16;2.1;3.18;2.71;1.54;2.98
User 352;0.32;1.58;3.18;2.95;1.63;2.78
User 353;0.96;2.88;3.19;2.96;1.92;2.56
User 354;0.26;1.14;3.18;3.07;1.41;3.26
User 355;0.82;1.4;3.17;2.72;1.06;3.36
User 356;0.7;0.92;3.17;2.75;1.22;3.06
User 357;1.12;1.8;3.18;2.89;1.57;2.56
User 358;0.18;0.54;3.18;2.83;1.28;3.12
User 359;1.6;2.52;3.18;3.25;2.3;2.7
User 360;0.38;0.94;3.18;2.62;1.15;3.14
User 361;0.16;1.26;3.18;2.82;1.66;2.7
User 362;1.82;2.26;3.18;2.8;1.6;2.54
User 363;1.82;2.6;3.19;2.67;1.5;2.46
User 364;0.72;1.28;3.17;3.01;1.41;3.28
User 365;1.44;2.18;3.18;3.17;1.41;2.88
User 366;0.98;2.02;3.19;2.73;1.28;2.5
User 367;1.3;1.9;3.18;2.79;1.98;2.46
User 368;1.14;1.88;3.18;3.04;1.73;2.72
User 369;0.86;1.6;3.18;2.94;1.09;2.7
User 370;1.3;2.66;3.18;2.7;1.22;2.48
User 371;0.7;1.58;3.18;2.82;1.7;3.26
User 372;1.1;1.52;3.19;2.73;1.89;2.94
User 373;1.3;2.12;3.18;2.79;1.5;2.66
User 374;1.46;2.58;3.19;2.86;1.41;2.5
User 375;1.12;1.66;3.18;2.94;2.05;2.88
User 376;0.86;2.36;3.2;2.9;1.86;2.4
User 377;1.82;2.8;3.19;2.71;1.6;2.54
User 378;1.12;1.92;3.17;2.94;1.31;3.26
User 379;0.78;1.22;3.18;2.94;1.38;2.64
User 380;1.3;2.06;3.18;2.66;1.92;2.78
User 381;0.54;1.06;3.17;3.02;1.5;3.2
User 382;0.54;1.3;3.17;2.99;1.76;3.22
User 383;1.12;1.66;3.18;2.95;1.5;2.7
User 384;0.66;1.24;3.18;2.87;1.57;2.8
User 385;0.1;0.38;3.17;2.85;1.15;3.2
User 386;1.38;2.56;3.19;2.66;1.41;2.42
User 387;1.44;2.46;3.18;2.82;1.44;2.46
User 388;1.04;1.98;3.18;2.78;1.44;2.5
User 389;0.64;1.76;3.18;2.7;1.7;2.98
User 390;0.64;1.48;3.18;2.74;1.02;2.98
User 391;0.82;2.46;3.19;2.97;1.57;2.66
User 392;0.58;1.34;3.17;2.66;1.5;3.22
User 393;1.3;2.5;3.19;3.13;1.86;2.58
User 394;0.54;1.36;3.18;2.91;1.34;2.9
User 395;0.94;2.18;3.18;3.14;1.63;3.34
User 396;1.44;1.86;3.19;2.87;1.5;2.46
User 397;0.98;1.66;3.18;2.66;1.02;3.3
User 398;0.78;1.98;3.18;2.86;1.06;2.66
User 399;0.5;1.18;3.17;2.89;1.63;2.98
User 400;0.78;1.98;3.18;2.86;1.98;2.64
User 401;0.9;1.74;3.18;3.05;1.6;2.86
User 402;0.9;2.18;3.19;2.94;1.44;2.54
User 403;1.04;1.66;3.18;2.97;1.86;2.94
User 404;0.58;1.08;3.17;2.7;1.73;3.04
User 405;1.34;1.92;3.19;2.74;1.82;2.72
User 406;1.38;2.18;3.18;2.75;1.54;2.56
User 407;0.78;1.74;3.18;2.77;1.41;2.8
User 408;1.46;2.74;3.19;2.78;1.22;2.4
User 409;0.56;2.1;3.19;2.66;2.34;2.48
User 410;1.6;2.46;3.2;2.91;2.53;2.34
User 411;1.1;1.74;3.18;2.74;1.57;2.88
User 412;1.34;2.5;3.18;2.83;1.44;2.54
User 413;0.98;1.78;3.19;2.66;1.22;2.34
User 414;0.3;2.12;3.18;2.7;1.54;2.5
User 415;0.74;2.78;3.18;2.87;2.05;2.62
User 416;0.86;2.62;3.2;2.78;1.47;2.4
User 417;0.56;1.7;3.18;3.15;1.57;2.98
User 418;0.3;0.66;3.16;2.93;1.06;3.5
User 419;0.9;1.54;3.17;2.89;1.25;3.2
User 420;1.76;3.24;3.19;2.87;1.73;2.42
User 421;1.12;2.06;3.2;2.64;1.5;2.4
User 422;0.62;1.6;3.18;2.61;2.11;2.74
User 423;1.54;2;3.18;2.74;0.96;2.46
User 424;0.94;1.42;3.18;3.07;1.6;3.04
User 425;1.36;2.34;3.18;2.86;0.86;3.04
User 426;0.66;2.06;3.18;2.85;1.54;2.58
User 427;1.5;2.04;3.19;2.78;1.41;2.38
User 428;0.96;1.22;3.17;2.9;1.89;3.18
User 429;0.42;1.3;3.17;2.73;1.25;3.12
User 430;1.1;1.9;3.17;2.93;1.34;3.42
User 431;0.64;2.44;3.18;2.95;1.34;3.12
User 432;1.36;2.86;3.18;2.96;1.79;2.74
User 433;1.62;1.76;3.18;2.54;1.47;2.42
User 434;2.06;2.58;3.19;2.71;1.47;2.32
User 435;1.66;2.4;3.19;2.73;1.22;2.4
User 436;0.3;1.66;3.18;2.89;1.54;2.94
User 437;1.02;1.48;3.17;2.88;1.44;3.44
User 438;0.32;2.5;3.18;2.78;1.98;2.5
User 439;0.56;2.12;3.18;3.13;1.5;2.66
User 440;0.34;1.82;3.18;2.77;1.34;2.54
User 441;0.42;1.5;3.18;2.7;1.86;2.98
User 442;0.3;1.26;3.17;2.63;1.15;3.34
User 443;0.58;2.22;3.17;2.75;1.54;2.82
User 444;1.62;2.28;3.17;2.89;1.7;3.54
User 445;1.58;1.86;3.18;2.82;1.25;2.72
User 446;0.58;1.06;3.17;2.7;1.18;3.06
User 447;0.88;2.24;3.18;2.78;1.15;2.46
User 448;0.7;1.62;3.18;2.91;1.22;3.02
User 449;1.12;2.42;3.18;2.82;1.47;2.64
User 450;1.38;2.06;3.18;2.91;1.22;2.5
User 451;0.86;1.02;3.18;2.86;2.43;3.02
User 452;0.62;1.3;3.18;2.74;1.5;2.54
User 453;0.98;1.9;3.18;2.83;2.08;2.66
User 454;0.98;2.84;3.18;2.74;1.6;2.56
User 455;0.48;1.36;3.18;2.75;1.76;2.98
User 456;1.36;2.34;3.18;2.7;1.02;3.04
User 457;0.64;1.66;3.18;2.67;1.47;2.4
User 458;0.32;1.14;3.18;2.8;1.22;2.5
User 459;1.28;2.38;3.19;2.75;1.66;2.4
User 460;0.7;1.4;3.18;2.75;1.25;2.8
User 461;1.14;2.14;3.18;3.2;1.31;2.82
User 462;1.38;1.98;3.17;2.61;1.02;3.06
User 463;1.18;2.22;3.18;2.78;1.41;2.8
User 464;0.26;2.34;3.18;3.07;1.76;3.04
User 465;0.46;1.68;3.18;2.88;1.47;2.42
User 466;1.18;2.26;3.19;3.04;1.34;2.62
User 467;0.5;1.34;3.18;2.67;1.22;3.3
User 468;0.78;1.38;3.18;3.38;1.82;2.74
User 469;0.88;1.54;3.17;2.78;1.41;3.44
User 470;0.22;2.22;3.17;2.77;1.31;3.22
User 471;1.2;2.22;3.2;2.42;1.38;2.58
User 472;1.06;1.58;3.17;2.95;1.7;3.14
User 473;0.4;1.28;3.17;2.72;1.95;3.22
User 474;1.26;1.74;3.18;2.94;1.28;2.74
User 475;0.58;1.3;3.18;2.63;1.22;3.12
User 476;0.62;2.32;3.19;2.94;1.76;2.48
User 477;0.56;1.24;3.18;2.82;1.09;3.18
User 478;0.38;1.04;3.18;2.62;1.18;3.06
User 479;1.1;2.62;3.19;2.69;1.6;2.62
User 480;3.3;2.78;3.18;2.58;1.22;2.94
User 481;0.7;1.5;3.18;2.66;1.86;2.64
User 482;1.06;1.68;3.19;2.86;1.25;2.56
User 483;0.26;0.9;3.18;2.74;1.31;3.04
User 484;1.44;2.24;3.19;3.18;2.18;2.7
User 485;1.42;2.64;3.19;2.9;1.76;2.54
User 486;0.46;1.58;3.18;2.66;1.09;2.8
User 487;0.72;2.44;3.18;2.94;1.38;2.7
User 488;2.58;2.34;3.17;3.06;1.98;2.96
User 489;1.06;1.74;3.17;2.91;1.25;3.38
User 490;0.78;1.78;3.18;2.77;1.98;2.62
User 491;0.82;1.16;3.18;2.69;1.22;3.3
User 492;1.1;1.36;3.17;3.03;1.76;3.38
User 493;0.9;1.18;3.17;2.79;1.15;2.96
User 494;0.7;2.18;3.19;2.79;1.6;2.34
User 495;0.46;1.58;3.18;2.78;2.21;2.74
User 496;1.3;2.1;3.16;2.95;1.02;3.5
User 497;0.96;1.42;3.17;2.88;1.02;3.04
User 498;1.04;2.58;3.19;2.75;1.6;2.46
User 499;1.3;1.74;3.18;2.96;1.47;2.94
User 500;1.38;2.1;3.18;2.98;1.41;2.86
User 501;1.02;1.7;3.19;2.7;1.7;2.38
User 502;1.06;2.46;3.18;2.86;1.15;2.86
User 503;0.82;1.78;3.18;2.83;1.41;3.46
User 504;0.7;1.58;3.18;3.01;2.18;2.98
User 505;0.74;2.22;3.18;2.99;1.5;2.78
User 506;0.8;1.78;3.17;2.89;1.54;3.12
User 507;0.56;1.78;3.18;3.05;2.05;2.62
User 508;2.98;2.36;3.18;2.74;1.15;2.5
User 509;2.62;2.34;3.18;2.81;1.09;2.7
User 510;0.26;1.36;3.17;3.07;1.34;3.18
User 511;1.38;2.52;3.19;2.66;1.92;2.54
User 512;0.66;1.24;3.16;2.94;1.28;3.62
User 513;0.78;1.44;3.18;2.9;1.6;2.88
User 514;1.06;3.12;3.2;2.69;2.11;2.4
User 515;0.96;1.72;3.17;2.57;0.96;3.06
User 516;1.28;2.14;3.2;2.97;1.54;2.54
User 517;0.96;1.16;3.18;2.9;2.14;2.88
User 518;1.6;1.9;3.18;2.9;1.12;2.88
User 519;0.82;2.14;3.18;2.62;1.34;2.8
User 520;1.06;2.26;3.18;3.23;1.73;2.66
User 521;0.7;1.02;3.18;2.89;1.63;2.7
User 522;1.46;2.3;3.19;2.77;1.92;2.62
User 523;0.66;1.8;3.19;2.58;1.38;2.32
User 524;0.86;1.54;3.17;2.86;1.63;3.04
User 525;1.46;2.54;3.2;2.95;1.89;2.38
User 526;1.3;3.04;3.19;2.7;1.31;2.78
User 527;1.52;2.34;3.18;2.78;1.76;2.66
User 528;0.94;1.94;3.18;3.06;1.41;2.66
User 529;0.58;1.94;3.18;2.72;1.66;2.94
User 530;0.66;1.4;3.18;2.95;1.5;2.42
User 531;0.94;1.7;3.18;2.78;1.44;2.34
User 532;0.62;1.44;3.18;2.9;1.73;2.46
User 533;1.04;2.02;3.18;2.66;1.86;2.66
User 534;0.98;1.7;3.18;2.9;1.09;3.02
User 535;0.72;2;3.18;2.66;1.06;2.82
User 536;0.78;1.5;3.18;2.77;1.44;2.9
User 537;1.4;3.76;3.2;2.75;1.63;2.48
User 538;1.42;1.66;3.19;2.66;2.21;2.5
User 539;2.18;2.5;3.18;2.83;1.92;2.98
User 540;0.22;2.8;3.18;2.83;1.98;2.64
User 541;0.9;1.78;3.18;2.86;1.22;2.82
User 542;0.26;1.74;3.17;2.64;0.9;2.88
User 543;0.5;1.52;3.18;2.98;1.98;2.8
User 544;1.18;1.88;3.17;2.77;1.06;3.34
User 545;0.98;2.1;3.19;2.74;1.38;2.4
User 546;0.72;1.62;3.18;2.98;1.54;2.98
User 547;1.02;1.9;3.17;2.59;1.34;3.04
User 548;0.42;1.28;3.18;2.95;1.98;2.66
User 549;0.9;1.98;3.18;2.82;1.7;2.62
User 550;0.82;1.7;3.17;2.95;1.34;3.34
User 551;1.02;1.62;3.18;2.85;2.02;2.98
User 552;1.78;2.8;3.2;2.72;2.18;2.54
User 553;0.7;2.1;3.18;3.06;2.05;2.62
User 554;1.02;2.2;3.18;2.85;1.34;2.42
User 555;1.26;2.2;3.18;2.71;1.73;2.7
User 556;1.04;1.46;3.19;2.88;1.54;2.4
User 557;0.42;1.38;3.18;2.82;1.6;2.88
User 558;0.42;1.8;3.18;2.74;2.46;2.78
User 559;0.88;1.58;3.17;2.98;2.11;3.34
User 560;1.3;2.12;3.18;3.03;1.7;2.94
User 561;1.2;1.74;3.18;2.63;1.63;2.58
User 562;0.96;2.08;3.2;2.61;1.5;2.38
User 563;1.12;2.18;3.18;2.85;1.47;2.7
User 564;0.94;1.7;3.18;2.64;0.96;2.94
User 565;0.98;2.1;3.18;2.86;1.66;2.48
User 566;1.52;2.08;3.18;2.74;1.22;2.94
User 567;0.94;1.92;3.2;2.86;1.34;2.34
User 568;1.18;1.73;3.2;2.98;1.31;2.42
User 569;1.68;1.86;3.19;2.62;1.44;2.42
User 570;1.04;2.54;3.18;2.95;1.18;3.26
User 571;1.66;2.17;3.19;2.72;1.44;2.42
User 572;0.62;1.48;3.17;2.98;1.18;3.38
User 573;1.06;2.32;3.19;2.85;1.41;2.4
User 574;0.26;1.58;3.18;2.67;2.24;3.42
User 575;0.82;2.7;3.18;3.02;1.82;2.78
User 576;1.26;2.48;3.18;2.83;1.28;2.64
User 577;1.02;2.1;3.18;3.03;1.76;2.64
User 578;0.74;1.72;3.18;2.8;1.66;2.88
User 579;0.62;1.26;3.18;2.81;1.54;2.9
User 580;0.96;1.7;3.18;2.8;1.57;2.56
User 581;0.56;2.16;3.18;2.74;1.6;2.82
User 582;1.02;2.68;3.18;2.79;1.41;2.7
User 583;1.18;2.14;3.18;2.78;1.54;2.74
User 584;1.02;1.42;3.18;2.86;1.73;2.88
User 585;1.04;1.6;3.17;2.72;1.18;3.26
User 586;0.74;1.1;3.17;3.01;1.63;3.2
User 587;0.38;1.42;3.18;2.88;1.47;2.78
User 588;0.62;1.62;3.18;2.79;1.25;2.9
User 589;0.46;1.98;3.19;2.66;1.38;2.5
User 590;1.1;2.58;3.18;2.89;1.89;2.78
User 591;0.82;1.66;3.18;2.81;1.63;2.72
User 592;1.22;1.5;3.17;2.98;1.38;3.04
User 593;0.38;1.28;3.18;2.81;1.38;2.66
User 594;1.44;2.54;3.18;2.87;1.28;2.74
User 595;0.48;1.56;3.18;2.96;1.38;2.7
User 596;0.5;1.66;3.18;2.98;1.5;2.72
User 597;0.74;1.66;3.17;2.97;1.41;3.36
User 598;0.88;2.02;3.18;2.86;1.79;2.54
User 599;1.28;1.58;3.19;2.7;1.79;2.66
User 600;0.48;1.76;3.18;2.78;1.76;2.72
User 601;0.86;1.1;3.18;2.83;1.47;3.06
User 602;0.64;1.86;3.18;2.77;2.02;2.62
User 603;0.9;2.12;3.19;2.61;1.41;2.46
User 604;0.16;0.82;3.17;2.94;1.09;3.26
User 605;1.34;2.82;3.19;3.09;2.11;2.5
User 606;0.94;2.02;3.19;3.09;1.28;2.26
User 607;1.02;1.38;3.18;2.58;0.74;3.26
User 608;0.5;1.7;3.18;2.89;1.34;2.78
User 609;0.56;3.34;3.18;2.67;1.76;2.94
User 610;0.4;1.02;3.18;2.85;1.31;2.82
User 611;0.82;1.54;3.18;3.02;1.22;2.88
User 612;1.26;2.42;3.18;2.78;1.57;2.5
User 613;1.28;2.14;3.18;3.39;1.63;2.8
User 614;1.02;1.26;3.17;2.87;3.01;3.3
User 615;0.9;1.94;3.18;2.97;1.82;2.58
User 616;1.38;1.58;3.17;2.7;1.06;3.44
User 617;0.56;2.04;3.18;2.85;1.7;2.78
User 618;0.58;1.62;3.18;2.93;2.14;3.42
User 619;1.04;2.5;3.18;3.03;1.6;2.88
User 620;0.66;1.54;3.17;2.85;1.41;3.12
User 621;1.22;1.46;3.17;2.7;2.08;2.88
User 622;1.38;2.5;3.18;2.85;1.7;2.42
User 623;0.88;1.54;3.18;2.7;2.08;2.78
User 624;0.96;1.84;3.18;2.8;2.05;3.02
User 625;0.42;1.02;3.18;2.71;1.73;2.96
User 626;0.8;1.06;3.18;2.95;1.38;2.48
User 627;2.08;3.2;3.19;2.89;1.5;2.54
User 628;0.9;1.58;3.18;2.73;1.6;2.5
User 629;0.14;1.66;3.17;2.75;1.18;2.98
User 630;1.06;1.56;3.18;2.9;3.04;2.54
User 631;0.86;1.28;3.17;2.72;2.37;3.1
User 632;0.48;1.02;3.17;2.81;1.92;3.44
User 633;0.9;1.2;3.17;2.56;1.5;2.98
User 634;1.3;3.06;3.19;2.79;1.57;2.42
User 635;0.5;1.34;3.18;2.78;1.09;2.7
User 636;1.5;1.74;3.18;2.86;1.12;2.9
User 637;2.02;2.62;3.18;2.88;1.38;2.54
User 638;1.06;2.18;3.18;2.85;1.31;2.64
User 639;0.7;1.68;3.17;2.95;1.7;3.38
User 640;0.72;1.38;3.18;2.87;1.82;2.82
User 641;1.1;2.42;3.19;2.98;1.73;2.78
User 642;1.62;2.42;3.18;3.22;2.43;2.8
User 643;0.32;2.28;3.18;2.72;1.5;2.58
User 644;0.7;1.42;3.18;2.82;1.5;2.96
User 645;1.76;3.06;3.19;2.69;2.02;2.48
User 646;0.86;1.14;3.18;2.81;1.6;2.8
User 647;0.48;1.78;3.18;2.86;2.18;2.66
User 648;0.98;1.38;3.16;2.77;1.66;3.38
User 649;1.26;1.94;3.18;2.9;2.37;3.04
User 650;1.62;2.74;3.18;2.74;1.28;2.4
User 651;0.96;1.7;3.18;3.2;2.14;2.78
User 652;0.46;1.02;3.17;2.9;1.44;3.28
User 653;0.86;1.14;3.18;2.81;1.6;2.8
User 654;0.82;1.34;3.18;3.04;1.76;3.04
User 655;0.78;1.98;3.19;2.63;1.25;2.4
User 656;1.3;2.56;3.19;2.65;1.54;2.4
User 657;1.04;1.54;3.18;2.82;1.47;3.06
User 658;1.66;2;3.18;2.87;1.18;2.66
User 659;0.78;1.58;3.17;3.18;1.15;3.42
User 660;1.06;1.58;3.17;2.81;1.54;3.18
User 661;0.34;1.58;3.2;2.82;1.44;2.54
User 662;0.7;1.54;3.18;3.07;1.44;2.66
User 663;1.1;1.5;3.19;2.86;1.47;2.38
User 664;1.02;2.4;3.17;2.91;1.09;3.18
User 665;0.24;0.46;3.17;2.86;1.15;3.38
User 666;0.58;1.9;3.18;2.78;1.54;3.2
User 667;0.64;2.94;3.2;2.62;1.54;2.46
User 668;0.88;2.42;3.18;2.7;1.34;2.9
User 669;0.66;1.44;3.17;2.79;1.09;3.28
User 670;1.2;1.66;3.17;2.83;1.63;3.3
User 671;0.38;2.06;3.17;2.86;1.92;3.46
User 672;2.16;2.64;3.19;2.85;2.21;2.5
User 673;0.34;0.8;3.18;2.74;0.96;2.54
User 674;0.24;1.46;3.18;2.74;1.73;2.4
User 675;0.94;1.66;3.18;2.74;1.47;2.34
User 676;0.74;1.08;3.18;2.66;2.18;2.78
User 677;0.5;1.14;3.17;2.89;1.44;3.34
User 678;1.18;2.86;3.19;2.75;1.6;2.42
User 679;0.72;1.74;3.17;2.77;0.86;3.46
User 680;0.8;1.66;3.17;2.91;1.38;3.26
User 681;0.46;1.88;3.18;2.88;1.15;2.86
User 682;0.98;1.42;3.18;2.94;2.02;3.02
User 683;1.46;2.02;3.18;2.94;1.22;2.5
User 684;0.82;1.34;3.18;3.02;1.89;2.72
User 685;1.18;2.36;3.19;2.82;2.14;2.5
User 686;0.9;2.52;3.19;2.89;1.38;2.4
User 687;1.14;2.14;3.18;2.85;1.89;2.82
User 688;0.22;2.18;3.18;2.88;1.34;2.86
User 689;0.8;1.24;3.18;2.74;1.25;3.04
User 690;1.06;2.02;3.18;2.85;1.82;2.88
User 691;0.48;1.8;3.18;2.95;1.12;2.72
User 692;1.02;1.5;3.17;2.83;1.09;3.3
User 693;0.46;0.62;3.17;2.98;1.12;3.06
User 694;0.48;1.74;3.18;2.83;1.44;2.94
User 695;2.02;2.4;3.18;2.69;1.25;2.42
User 696;1.78;2.18;3.18;2.95;1.79;2.78
User 697;0.62;2.26;3.18;2.9;1.5;3.26
User 698;0.4;2.24;3.18;2.72;1.28;2.5
User 699;0.26;0.96;3.17;2.77;1.54;3.24
User 700;0.58;1.26;3.18;2.7;1.09;3.2
User 701;0.58;1.58;3.18;2.98;1.15;2.5
User 702;1.38;2.6;3.19;2.94;1.41;2.72
User 703;1.18;2;3.19;2.66;2.59;2.46
User 704;1.18;2.02;3.17;2.95;1.41;3.36
User 705;0.58;1.62;3.17;2.8;1.7;3.38
User 706;0.56;0.98;3.18;2.86;1.18;2.94
User 707;0.7;1.66;3.18;2.99;1.92;2.7
User 708;1.42;2.5;3.18;2.81;1.66;2.58
User 709;0.46;1.6;3.18;2.86;1.79;2.46
User 710;0.8;1.4;3.18;2.85;1.5;3.14
User 711;0.9;2.66;3.19;2.79;1.76;2.48
User 712;1.26;2;3.18;2.93;2.43;2.56
User 713;1.04;1.12;3.17;3.19;1.54;3.38
User 714;1.22;2.6;3.18;2.7;1.54;2.8
User 715;0.46;1.4;3.18;2.9;2.18;3.3
User 716;0.38;1.06;3.17;2.9;2.02;3.3
User 717;0.54;1.3;3.18;3.07;1.34;2.94
User 718;0.58;1.82;3.19;2.62;1.12;2.5
User 719;0.74;2.32;3.2;2.82;1.57;2.58
User 720;0.96;2.34;3.19;2.9;1.73;2.42
User 721;1.34;2.04;3.18;2.93;2.56;2.56
User 722;0.74;1.42;3.16;2.66;1.28;3.52
User 723;1.38;2.7;3.18;2.82;1.41;2.62
User 724;0.72;1.5;3.18;2.73;1.09;2.46
User 725;0.42;1.22;3.17;2.91;1.28;3.14
User 726;1.62;2.52;3.18;2.86;1.57;2.46
User 727;1.52;2.14;3.18;2.95;2.11;2.8
User 728;0.96;2.32;3.19;3.07;1.98;2.96
User 729;0.9;1.62;3.18;2.7;1.47;2.46
User 730;1.62;2.98;3.19;2.79;1.79;2.54
User 731;1.18;1.7;3.18;2.91;1.12;3.18
User 732;0.82;2.3;3.18;2.98;1.41;3.12
User 733;0.72;1.7;3.18;2.86;1.54;2.5
User 734;1.3;1.58;3.18;2.66;2.02;2.86
User 735;0.58;1.16;3.17;2.74;1.98;3.28
User 736;1.2;1.3;3.18;2.93;1.41;2.64
User 737;0.96;2.38;3.18;2.82;2.05;2.82
User 738;1.2;2.34;3.19;3.04;1.38;2.54
User 739;0.86;2.82;3.18;2.94;1.89;2.78
User 740;1.12;2.16;3.17;2.67;1.06;3.3
User 741;1.3;2.74;3.18;2.82;1.66;2.5
User 742;1.2;2.48;3.18;2.87;1.5;2.4
User 743;0.74;1.9;3.18;2.94;1.73;2.74
User 744;1.18;1.9;3.18;2.66;1.44;2.88
User 745;0.7;1.32;3.18;2.87;1.31;2.46
User 746;0.46;1.82;3.18;2.85;1.34;2.5
User 747;1.02;1.2;3.17;2.9;3.14;3.18
User 748;1.18;1.98;3.18;2.74;1.34;2.38
User 749;1.02;1.26;3.17;2.66;1.38;3.14
User 750;0.96;1.98;3.18;2.86;1.31;2.78
User 751;1.46;2.58;3.19;2.74;1.41;2.4
User 752;0.62;1.26;3.17;3.04;1.34;3.14
User 753;1.18;2.24;3.19;2.77;1.66;2.46
User 754;0.96;1.6;3.18;3.01;1.28;3.06
User 755;1.1;2.34;3.18;2.78;1.73;2.5
User 756;1.34;1.7;3.18;3.12;1.86;3.34
User 757;0.72;1.18;3.18;3.14;1.31;2.66
User 758;0.64;1.66;3.18;2.83;1.54;2.8
User 759;0.64;1.18;3.18;2.69;1.34;2.8
User 760;0.78;1.14;3.18;2.81;1.02;2.42
User 761;1.26;2.42;3.18;2.78;1.6;2.54
User 762;0.34;2.18;3.18;2.88;1.25;2.34
User 763;1.2;2.18;3.18;2.94;1.5;3.3
User 764;0.86;1.4;3.18;2.88;1.5;2.98
User 765;1.6;2;3.18;2.54;1.57;2.48
User 766;0.58;1.2;3.18;2.75;1.38;3.22
User 767;0.72;1.52;3.18;2.66;1.38;2.66
User 768;0.82;3.04;3.18;2.87;1.98;2.5
User 769;1.14;2.72;3.18;3.19;1.63;2.46
User 770;0.48;1.26;3.18;2.86;1.06;2.86
User 771;1.34;2.02;3.18;2.77;0.86;3.04
User 772;0.26;0.54;3.18;2.48;1.66;2.9
User 773;0.56;1.5;3.18;3.01;1.86;2.8
User 774;0.42;1.46;3.18;2.62;1.25;2.7
User 775;0.38;1.52;3.18;2.95;2.88;3.12
User 776;0.74;2.8;3.19;3.17;2.3;2.46
User 777;1.28;1.78;3.18;3.04;1.57;3.06
User 778;1.5;2.52;3.18;2.86;1.54;2.48
User 779;0.22;1.58;3.18;2.66;0.99;2.7
User 780;0.62;1.48;3.17;2.98;1.18;3.38
User 781;1.84;2.14;3.19;2.81;1.6;2.56
User 782;1.14;1.7;3.18;2.87;1.7;2.78
User 783;1.58;1.5;3.18;2.75;1.76;2.94
User 784;0.4;0.94;3.17;2.99;1.28;3.18
User 785;0.7;1.42;3.17;2.95;1.31;3.1
User 786;0.74;2.12;3.19;3.1;2.05;2.56
User 787;0.82;1.94;3.19;2.98;1.28;2.54
User 788;0.48;2;3.18;2.87;1.5;2.98
User 789;1.5;1.86;3.17;2.81;1.34;3.34
User 790;1.58;2.48;3.19;2.78;1.76;2.54
User 791;0.9;1.74;3.18;2.98;1.6;3.2
User 792;1.1;2.6;3.2;2.72;1.41;2.42
User 793;1.52;2.74;3.19;2.74;1.92;2.5
User 794;0.4;1.02;3.18;2.95;2.37;2.72
User 795;1.1;2.14;3.18;2.81;1.6;2.8
User 796;1.52;2.96;3.19;2.82;1.66;2.48
User 797;0.72;1.46;3.18;3.01;1.6;2.62
User 798;0.62;1.02;3.17;2.63;1.47;3.2
User 799;0.86;2.14;3.19;2.78;1.28;2.64
User 800;0.86;1.78;3.2;2.9;1.54;2.34
User 801;0.46;0.9;3.17;2.86;1.5;3.52
User 802;1.36;2.22;3.18;2.74;1.12;3.1
User 803;0.98;1.9;3.19;3.07;1.25;2.64
User 804;0.54;0.94;3.18;2.83;1.34;2.66
User 805;1.34;2.22;3.18;2.79;1.86;2.62
User 806;1.34;3.04;3.2;2.7;1.66;2.46
User 807;1.22;1.9;3.18;2.87;1.34;2.7
User 808;1.4;1.6;3.19;2.74;1.44;2.5
User 809;1.02;1.7;3.19;2.7;1.7;2.38
User 810;0.78;1.86;3.19;2.73;1.28;2.5
User 811;1.76;2;3.18;2.86;1.98;2.78
User 812;1.3;2.82;3.18;3.33;1.76;3.18
User 813;1.34;2.66;3.18;3.02;1.57;3.12
User 814;1.2;1.84;3.18;2.87;1.38;2.98
User 815;1.2;2.1;3.2;2.97;2.46;2.42
User 816;0.66;2.22;3.18;2.88;1.79;3.02
User 817;1.12;1.48;3.2;2.75;1.44;2.38
User 818;0.42;1.74;3.19;2.91;1.41;2.32
User 819;1.18;1.84;3.2;2.94;1.18;2.34
User 820;0.66;1.8;3.19;2.58;1.38;2.32
User 821;1.18;2.34;3.18;2.94;1.73;2.62
User 822;0.96;2.18;3.18;2.83;2.24;3.06
User 823;0.98;2.06;3.17;2.74;1.38;3.18
User 824;1.5;2.28;3.18;2.74;1.79;2.62
User 825;0.8;1.64;3.18;2.7;1.47;2.3
User 826;0.5;1.34;3.18;2.66;1.89;2.5
User 827;0.66;1.28;3.19;2.86;1.57;2.66
User 828;0.08;1.7;3.18;2.58;2.3;3.22
User 829;0.78;1.98;3.19;2.63;1.25;2.4
User 830;2;2.42;3.18;2.69;1.31;2.42
User 831;0.42;1.44;3.18;3.06;1.95;2.74
User 832;0.64;1.68;3.18;2.74;2.78;2.9
User 833;0.78;1.7;3.17;2.67;1.12;3.3
User 834;0.26;0.92;3.17;2.78;1.89;2.88
User 835;1.04;1.46;3.19;2.88;1.54;2.4
User 836;1.26;2.54;3.19;2.74;0.99;2.66
User 837;0.9;2.38;3.18;2.8;1.41;2.78
User 838;0.64;1.86;3.18;2.74;1.44;2.46
User 839;0.7;0.88;3.18;3.05;1.54;2.96
User 840;1.06;1.98;3.18;2.81;1.12;2.72
User 841;0.82;1.7;3.18;3.03;1.15;3.02
User 842;0.34;1.62;3.18;2.82;1.09;3.22
User 843;0.66;1.58;3.18;2.8;1.09;2.8
User 844;0.58;0.98;3.17;2.88;1.66;3.02
User 845;0.56;0.76;3.17;3.06;1.76;2.94
User 846;0.88;2.26;3.19;2.87;1.63;2.48
User 847;0.96;1.46;3.17;2.64;1.38;3.18
User 848;0.58;1.74;3.18;2.85;1.47;3.2
User 849;0.22;0.98;3.18;2.75;1.82;3.44
User 850;0.58;1.1;3.17;2.71;1.15;3.34
User 851;1.06;1.88;3.18;2.97;2.3;2.54
User 852;1.26;2.5;3.19;2.79;1.54;2.66
User 853;1.22;1.92;3.18;2.93;2.43;2.66
User 854;1.44;2.22;3.18;2.87;1.34;2.66
User 855;1.46;2.98;3.18;2.74;1.66;2.86
User 856;0.82;1.8;3.17;2.79;1.22;3.26
User 857;1.44;2.22;3.18;2.87;1.34;2.66
User 858;1.26;1.72;3.19;2.91;2.3;2.74
User 859;1.02;1.64;3.18;3.2;1.47;2.74
User 860;0.54;1.94;3.19;2.72;1.73;2.42
User 861;0.82;1.98;3.19;2.86;1.57;2.74
User 862;0.8;2.4;3.18;3.07;1.41;2.88
User 863;0.86;1.68;3.2;2.86;1.6;2.58
User 864;1.62;1.78;3.17;2.83;2.59;3.18
User 865;0.56;1.26;3.17;2.93;1.98;3.28
User 866;0.74;1.64;3.18;2.9;1.76;3.04
User 867;1.42;1.78;3.18;2.82;1.22;2.82
User 868;3.26;3.13;3.18;2.8;1.5;2.66
User 869;0.58;1.26;3.18;2.89;1.38;2.9
User 870;0.96;1.96;3.18;2.97;1.82;2.58
User 871;1.06;2.93;3.18;2.8;1.92;2.66
User 872;0.64;1.3;3.17;2.79;1.41;3.34
User 873;1.1;2.22;3.18;2.78;1.38;3.02
User 874;0.74;1.4;3.18;3.13;1.41;2.72
User 875;1.06;1.52;3.17;2.94;1.86;2.88
User 876;0.82;1.58;3.18;3.05;1.25;2.4
User 877;1.28;2.6;3.18;2.7;1.76;2.94
User 878;0.9;1.3;3.17;2.86;1.22;3.42
User 879;0.88;1.7;3.17;2.78;1.15;3.26
User 880;1.26;2.58;3.18;2.87;1.25;3.04
User 881;0.74;1.88;3.18;2.85;1.82;2.66
User 882;0.96;1.14;3.17;2.49;1.76;3.2
User 883;0.96;2.12;3.18;2.86;1.44;2.64
User 884;0.5;2.28;3.19;2.66;1.66;2.4
User 885;1.06;2.89;3.18;2.75;1.6;2.62
User 886;0.82;1.56;3.2;2.9;1.6;2.56
User 887;0.78;1.34;3.18;2.74;1.92;3.02
User 888;0.18;1.02;3.18;2.81;1.66;3.12
User 889;0.72;2.42;3.19;2.66;1.12;2.46
User 890;0.24;0.8;3.18;2.57;1.6;2.82
User 891;0.98;2.44;3.18;2.74;1.6;2.74
User 892;0.38;2.48;3.18;2.74;1.54;2.56
User 893;1.04;1.94;3.2;2.95;1.25;2.32
User 894;0.56;1.3;3.18;2.83;1.54;2.46
User 895;0.66;1.46;3.18;2.77;2.4;2.74
User 896;0.16;1.62;3.18;2.87;2.24;3.04
User 897;1.26;3.2;3.19;3.04;1.54;2.46
User 898;0.7;1.6;3.18;3.02;2.34;3.34
User 899;0.82;1.22;3.18;2.67;1.06;3.2
User 900;0.42;1.48;3.18;2.66;1.28;2.88
User 901;0.78;1.5;3.18;2.78;2.08;3.44
User 902;0.94;2.38;3.19;2.71;1.5;2.38
User 903;0.74;2.6;3.19;3.14;2.27;2.46
User 904;1.74;1.6;3.18;2.64;1.63;2.46
User 905;0.98;1.62;3.18;2.72;1.09;3.34
User 906;1.02;2.1;3.19;2.91;1.66;2.5
User 907;0.26;1.16;3.18;2.94;1.57;3.14
User 908;1.04;1.94;3.2;2.95;1.25;2.32
User 909;1.14;2.04;3.18;3.22;1.47;2.82
User 910;1.2;1.54;3.18;2.49;1.73;2.94
User 911;0.16;0.38;3.18;2.93;2.02;2.78
User 912;1.26;2.24;3.18;2.93;1.82;2.82
User 913;0.86;1.36;3.17;2.97;1.89;3.42
User 914;0.74;1.32;3.19;2.78;1.5;2.66
User 915;0.9;2.3;3.18;2.87;1.25;2.96
User 916;1.46;1.62;3.19;2.75;1.12;3.42
User 917;1.18;2.38;3.19;2.54;1.47;2.38
User 918;0.9;1.72;3.18;3.13;1.31;2.78
User 919;0.34;1.02;3.17;2.86;1.63;3.36
User 920;0.7;1.02;3.18;2.58;1.82;2.8
User 921;0.94;2.38;3.19;2.9;1.92;2.72
User 922;0.34;1.08;3.17;2.99;1.22;3.12
User 923;0.64;2.02;3.18;2.86;1.5;2.74
User 924;0.86;1.48;3.18;2.89;1.73;2.94
User 925;0.98;1.74;3.2;2.87;1.38;2.34
User 926;0.94;2.52;3.19;2.73;1.7;2.42
User 927;1.36;2.04;3.19;2.81;1.41;2.34
User 928;0.42;1.46;3.18;2.62;1.25;2.7
User 929;0.74;2.38;3.18;2.81;1.38;2.4
User 930;0.78;1.7;3.18;2.97;2.05;2.9
User 931;0.94;2.16;3.18;2.8;1.09;3.18
User 932;1.38;2.24;3.2;2.98;1.41;2.5
User 933;0.98;1.5;3.18;2.66;1.22;3.28
User 934;0.62;1.48;3.18;2.98;2.05;2.72
User 935;0.78;1.22;3.17;2.86;1.7;3.02
User 936;0.5;1.4;3.18;2.7;1.18;2.8
User 937;0.74;1.82;3.18;2.98;1.92;2.78
User 938;1.58;2.58;3.18;2.79;1.54;2.5
User 939;1.44;2.78;3.18;2.82;1.47;2.42
User 940;1.68;3.14;3.18;2.72;1.09;2.46
User 941;0.74;2.54;3.19;2.91;1.95;2.46
User 942;0.72;1.78;3.18;2.88;1.34;2.82
User 943;1.42;1.88;3.2;2.7;1.47;2.46
User 944;0.94;1.66;3.18;2.77;1.57;3.04
User 945;1.86;1.84;3.18;2.96;2.4;3.04
User 946;1.2;2.06;3.18;2.83;1.54;2.72
User 947;1.04;1.52;3.17;2.74;1.57;3.38
User 948;0.46;1.34;3.18;2.79;1.86;2.54
User 949;1.1;2.56;3.18;2.9;1.89;2.78
User 950;1.34;2.28;3.19;2.54;1.6;2.4
User 951;0.82;1.34;3.18;2.66;1.25;2.94
User 952;0.82;1.96;3.19;2.74;1.66;2.46
User 953;0.94;2.56;3.18;2.81;1.63;2.54
User 954;0.46;1.26;3.19;2.78;1.28;2.5
User 955;0.34;1.22;3.19;2.7;1.5;2.48
User 956;1.2;2.06;3.19;2.62;1.31;2.34
User 957;1.38;2.62;3.18;2.82;1.54;2.54
User 958;0.82;1.34;3.17;2.66;1.02;3.42
User 959;0.8;1.28;3.18;2.8;1.73;2.88
User 960;0.54;2.4;3.18;3.18;1.82;2.66
User 961;1.22;1.86;3.19;2.72;1.7;2.38
User 962;1.22;2;3.18;2.98;1.41;2.88
User 963;0.98;1.42;3.17;2.82;2.18;3.2
User 964;0.62;1.8;3.2;2.81;1.22;2.4
User 965;0.72;2.7;3.18;3.07;1.82;2.8
User 966;1.74;2.26;3.17;3.19;1.79;3.28
User 967;1.52;1.82;3.19;2.74;1.73;2.38
User 968;0.64;1.7;3.18;2.85;1.66;2.58
User 969;0.9;2.22;3.18;2.77;1.34;3.05
User 970;0.32;0.96;3.18;2.57;1.54;2.54
User 971;1.04;1.74;3.18;2.7;1.57;2.62
User 972;0.62;2.26;3.18;2.86;2.46;2.54
User 973;0.4;1.24;3.18;2.82;1.92;2.54
User 974;1.14;2.14;3.18;2.78;1.54;2.58
User 975;1.76;2.5;3.19;2.66;1.73;2.48
User 976;0.88;1.38;3.17;2.78;0.99;3.2
User 977;0.78;1.68;3.18;2.79;1.34;2.8
User 978;1.3;1.78;3.17;2.81;1.34;3.02
User 979;0.3;0.4;3.18;2.98;1.12;2.46
User 980;1.34;2.36;3.18;2.87;1.34;2.4
